"","Variable_Name","DX_CODE","DX_DESC","matched_terms_llm_context_clinician"
"1","A1C","E0800","DIABETES MELLITUS DUE TO UNDERLYING CONDITION WITH HYPEROSMOLARITY WITHOUT NONKETOTIC HYPERGLYCEMIC-HYPEROSMOLAR COMA (NKHHC)","DIABETES; DIABETES.*MELLITUS"
"2","A1C","E0801","DIABETES MELLITUS DUE TO UNDERLYING CONDITION WITH HYPEROSMOLARITY WITH COMA","DIABETES; DIABETES.*MELLITUS"
"3","A1C","E0810","DIABETES MELLITUS DUE TO UNDERLYING CONDITION WITH KETOACIDOSIS WITHOUT COMA","DIABETES; DIABETES.*MELLITUS"
"4","A1C","E0821","DIABETES MELLITUS DUE TO UNDERLYING CONDITION WITH DIABETIC NEPHROPATHY","DIABETES; DIABETES.*MELLITUS; DIABETES.*WITH.*NEPHROPATHY"
"5","A1C","E0840","DIABETES MELLITUS DUE TO UNDERLYING CONDITION WITH DIABETIC NEUROPATHY, UNSPECIFIED","DIABETES; DIABETES.*MELLITUS; DIABETES.*UNSPECIFIED; DIABETES.*WITH.*NEUROPATHY"
"6","A1C","E0842","DIABETES MELLITUS DUE TO UNDERLYING CONDITION WITH DIABETIC POLYNEUROPATHY","DIABETES; DIABETES.*MELLITUS; DIABETES.*WITH.*NEUROPATHY"
"7","A1C","E08621","DIABETES MELLITUS DUE TO UNDERLYING CONDITION WITH FOOT ULCER","DIABETES; DIABETES.*MELLITUS"
"8","A1C","E08622","DIABETES MELLITUS DUE TO UNDERLYING CONDITION WITH OTHER SKIN ULCER","DIABETES; DIABETES.*MELLITUS"
"9","A1C","E0865","DIABETES MELLITUS DUE TO UNDERLYING CONDITION WITH HYPERGLYCEMIA","DIABETES; HYPERGLYCEMIA; DIABETES.*MELLITUS"
"10","A1C","E0869","DIABETES MELLITUS DUE TO UNDERLYING CONDITION WITH OTHER SPECIFIED COMPLICATION","DIABETES; DIABETES.*MELLITUS"
"11","A1C","E088","DIABETES MELLITUS DUE TO UNDERLYING CONDITION WITH UNSPECIFIED COMPLICATIONS","DIABETES; DIABETES.*MELLITUS; DIABETES.*UNSPECIFIED; DIABETES.*WITH.*COMPLICATIONS"
"12","A1C","E089","DIABETES MELLITUS DUE TO UNDERLYING CONDITION WITHOUT COMPLICATIONS","DIABETES; DIABETES.*MELLITUS; DIABETES.*WITH.*COMPLICATIONS; DIABETES.*WITHOUT.*COMPLICATIONS"
"13","A1C","E099","DRUG OR CHEMICAL INDUCED DIABETES MELLITUS WITHOUT COMPLICATIONS","DIABETES; DIABETES.*MELLITUS; DIABETES.*WITH.*COMPLICATIONS; DIABETES.*WITHOUT.*COMPLICATIONS"
"14","A1C","E1010","TYPE 1 DIABETES MELLITUS WITH KETOACIDOSIS WITHOUT COMA","DIABETES; TYPE.*1.*DIABETES; DIABETES.*MELLITUS; TYPE.*1.*DIABETES.*MELLITUS"
"15","A1C","E1029","TYPE 1 DIABETES MELLITUS WITH OTHER DIABETIC KIDNEY COMPLICATION","DIABETES; TYPE.*1.*DIABETES; DIABETES.*MELLITUS; TYPE.*1.*DIABETIC; TYPE.*1.*DIABETES.*MELLITUS"
"16","A1C","E103293","TYPE 1 DIABETES MELLITUS WITH MILD NONPROLIFERATIVE DIABETIC RETINOPATHY WITHOUT MACULAR EDEMA, BILATERAL","DIABETES; TYPE.*1.*DIABETES; DIABETES.*MELLITUS; TYPE.*1.*DIABETIC; TYPE.*1.*DIABETES.*MELLITUS; DIABETES.*WITH.*RETINOPATHY"
"17","A1C","E103299","TYPE 1 DIABETES MELLITUS WITH MILD NONPROLIFERATIVE DIABETIC RETINOPATHY WITHOUT MACULAR EDEMA, UNSPECIFIED EYE","DIABETES; TYPE.*1.*DIABETES; DIABETES.*MELLITUS; TYPE.*1.*DIABETIC; TYPE.*1.*DIABETES.*MELLITUS; DIABETES.*UNSPECIFIED; TYPE.*1.*DIABETES.*UNSPECIFIED; DIABETES.*WITH.*RETINOPATHY"
"18","A1C","E103312","TYPE 1 DIABETES MELLITUS WITH MODERATE NONPROLIFERATIVE DIABETIC RETINOPATHY WITH MACULAR EDEMA, LEFT EYE","DIABETES; TYPE.*1.*DIABETES; DIABETES.*MELLITUS; TYPE.*1.*DIABETIC; TYPE.*1.*DIABETES.*MELLITUS; DIABETES.*WITH.*RETINOPATHY"
"19","A1C","E103391","TYPE 1 DIABETES MELLITUS WITH MODERATE NONPROLIFERATIVE DIABETIC RETINOPATHY WITHOUT MACULAR EDEMA, RIGHT EYE","DIABETES; TYPE.*1.*DIABETES; DIABETES.*MELLITUS; TYPE.*1.*DIABETIC; TYPE.*1.*DIABETES.*MELLITUS; DIABETES.*WITH.*RETINOPATHY"
"20","A1C","E103493","TYPE 1 DIABETES MELLITUS WITH SEVERE NONPROLIFERATIVE DIABETIC RETINOPATHY WITHOUT MACULAR EDEMA, BILATERAL","DIABETES; TYPE.*1.*DIABETES; DIABETES.*MELLITUS; TYPE.*1.*DIABETIC; TYPE.*1.*DIABETES.*MELLITUS; DIABETES.*WITH.*RETINOPATHY"
"21","A1C","E103511","TYPE 1 DIABETES MELLITUS WITH PROLIFERATIVE DIABETIC RETINOPATHY WITH MACULAR EDEMA, RIGHT EYE","DIABETES; TYPE.*1.*DIABETES; DIABETES.*MELLITUS; TYPE.*1.*DIABETIC; TYPE.*1.*DIABETES.*MELLITUS; DIABETES.*WITH.*RETINOPATHY"
"22","A1C","E103591","TYPE 1 DIABETES MELLITUS WITH PROLIFERATIVE DIABETIC RETINOPATHY WITHOUT MACULAR EDEMA, RIGHT EYE","DIABETES; TYPE.*1.*DIABETES; DIABETES.*MELLITUS; TYPE.*1.*DIABETIC; TYPE.*1.*DIABETES.*MELLITUS; DIABETES.*WITH.*RETINOPATHY"
"23","A1C","E103592","TYPE 1 DIABETES MELLITUS WITH PROLIFERATIVE DIABETIC RETINOPATHY WITHOUT MACULAR EDEMA, LEFT EYE","DIABETES; TYPE.*1.*DIABETES; DIABETES.*MELLITUS; TYPE.*1.*DIABETIC; TYPE.*1.*DIABETES.*MELLITUS; DIABETES.*WITH.*RETINOPATHY"
"24","A1C","E103593","TYPE 1 DIABETES MELLITUS WITH PROLIFERATIVE DIABETIC RETINOPATHY WITHOUT MACULAR EDEMA, BILATERAL","DIABETES; TYPE.*1.*DIABETES; DIABETES.*MELLITUS; TYPE.*1.*DIABETIC; TYPE.*1.*DIABETES.*MELLITUS; DIABETES.*WITH.*RETINOPATHY"
"25","A1C","E103599","TYPE 1 DIABETES MELLITUS WITH PROLIFERATIVE DIABETIC RETINOPATHY WITHOUT MACULAR EDEMA, UNSPECIFIED EYE","DIABETES; TYPE.*1.*DIABETES; DIABETES.*MELLITUS; TYPE.*1.*DIABETIC; TYPE.*1.*DIABETES.*MELLITUS; DIABETES.*UNSPECIFIED; TYPE.*1.*DIABETES.*UNSPECIFIED; DIABETES.*WITH.*RETINOPATHY"
"26","A1C","E1042","TYPE 1 DIABETES MELLITUS WITH DIABETIC POLYNEUROPATHY","DIABETES; TYPE.*1.*DIABETES; DIABETES.*MELLITUS; TYPE.*1.*DIABETIC; TYPE.*1.*DIABETES.*MELLITUS; DIABETES.*WITH.*NEUROPATHY"
"27","A1C","E1049","TYPE 1 DIABETES MELLITUS WITH OTHER DIABETIC NEUROLOGICAL COMPLICATION","DIABETES; TYPE.*1.*DIABETES; DIABETES.*MELLITUS; TYPE.*1.*DIABETIC; TYPE.*1.*DIABETES.*MELLITUS"
"28","A1C","E10610","TYPE 1 DIABETES MELLITUS WITH DIABETIC NEUROPATHIC ARTHROPATHY","DIABETES; TYPE.*1.*DIABETES; DIABETES.*MELLITUS; TYPE.*1.*DIABETIC; TYPE.*1.*DIABETES.*MELLITUS"
"29","A1C","E10621","TYPE 1 DIABETES MELLITUS WITH FOOT ULCER","DIABETES; TYPE.*1.*DIABETES; DIABETES.*MELLITUS; TYPE.*1.*DIABETES.*MELLITUS"
"30","A1C","E10628","TYPE 1 DIABETES MELLITUS WITH OTHER SKIN COMPLICATIONS","DIABETES; TYPE.*1.*DIABETES; DIABETES.*MELLITUS; TYPE.*1.*DIABETES.*MELLITUS; TYPE.*1.*DIABETES.*WITH.*COMPLICATIONS; DIABETES.*WITH.*COMPLICATIONS; TYPE.*1.*DIABETES.*WITH.*COMPLICATIONS"
"31","A1C","E10649","TYPE 1 DIABETES MELLITUS WITH HYPOGLYCEMIA WITHOUT COMA","DIABETES; TYPE.*1.*DIABETES; DIABETES.*MELLITUS; TYPE.*1.*DIABETES.*MELLITUS"
"32","A1C","E1065","TYPE 1 DIABETES MELLITUS WITH HYPERGLYCEMIA","DIABETES; HYPERGLYCEMIA; TYPE.*1.*DIABETES; DIABETES.*MELLITUS; TYPE.*1.*DIABETES.*MELLITUS"
"33","A1C","E1069","TYPE 1 DIABETES MELLITUS WITH OTHER SPECIFIED COMPLICATION","DIABETES; TYPE.*1.*DIABETES; DIABETES.*MELLITUS; TYPE.*1.*DIABETES.*MELLITUS"
"34","A1C","E108","TYPE 1 DIABETES MELLITUS WITH UNSPECIFIED COMPLICATIONS","DIABETES; TYPE.*1.*DIABETES; DIABETES.*MELLITUS; TYPE.*1.*DIABETES.*MELLITUS; DIABETES.*UNSPECIFIED; TYPE.*1.*DIABETES.*WITH.*COMPLICATIONS; DIABETES.*WITH.*COMPLICATIONS; TYPE.*1.*DIABETES.*WITH.*COMPLICATIONS; TYPE.*1.*DIABETES.*UNSPECIFIED"
"35","A1C","E109","TYPE 1 DIABETES MELLITUS WITHOUT COMPLICATIONS","DIABETES; TYPE.*1.*DIABETES; DIABETES.*MELLITUS; TYPE.*1.*DIABETES.*MELLITUS; TYPE.*1.*DIABETES.*WITH.*COMPLICATIONS; DIABETES.*WITH.*COMPLICATIONS; DIABETES.*WITHOUT.*COMPLICATIONS; TYPE.*1.*DIABETES.*WITH.*COMPLICATIONS"
"36","A1C","E1100","TYPE 2 DIABETES MELLITUS WITH HYPEROSMOLARITY WITHOUT NONKETOTIC HYPERGLYCEMIC-HYPEROSMOLAR COMA (NKHHC)","DIABETES; TYPE.*2.*DIABETES; DIABETES.*MELLITUS; TYPE.*2.*DIABETES.*MELLITUS"
"37","A1C","E1110","TYPE 2 DIABETES MELLITUS WITH KETOACIDOSIS WITHOUT COMA","DIABETES; TYPE.*2.*DIABETES; DIABETES.*MELLITUS; TYPE.*2.*DIABETES.*MELLITUS"
"38","A1C","E1121","TYPE 2 DIABETES MELLITUS WITH DIABETIC NEPHROPATHY","DIABETES; TYPE.*2.*DIABETES; DIABETES.*MELLITUS; TYPE.*2.*DIABETIC; TYPE.*2.*DIABETES.*MELLITUS; DIABETES.*WITH.*NEPHROPATHY"
"39","A1C","E1122","TYPE 2 DIABETES MELLITUS WITH DIABETIC CHRONIC KIDNEY DISEASE","DIABETES; TYPE.*2.*DIABETES; DIABETES.*MELLITUS; TYPE.*2.*DIABETIC; TYPE.*2.*DIABETES.*MELLITUS"
"40","A1C","E1129","TYPE 2 DIABETES MELLITUS WITH OTHER DIABETIC KIDNEY COMPLICATION","DIABETES; TYPE.*2.*DIABETES; DIABETES.*MELLITUS; TYPE.*2.*DIABETIC; TYPE.*2.*DIABETES.*MELLITUS"
"41","A1C","E11311","TYPE 2 DIABETES MELLITUS WITH UNSPECIFIED DIABETIC RETINOPATHY WITH MACULAR EDEMA","DIABETES; TYPE.*2.*DIABETES; DIABETES.*MELLITUS; TYPE.*2.*DIABETIC; TYPE.*2.*DIABETES.*MELLITUS; DIABETES.*UNSPECIFIED; TYPE.*2.*DIABETES.*UNSPECIFIED; DIABETES.*WITH.*RETINOPATHY"
"42","A1C","E11319","TYPE 2 DIABETES MELLITUS WITH UNSPECIFIED DIABETIC RETINOPATHY WITHOUT MACULAR EDEMA","DIABETES; TYPE.*2.*DIABETES; DIABETES.*MELLITUS; TYPE.*2.*DIABETIC; TYPE.*2.*DIABETES.*MELLITUS; DIABETES.*UNSPECIFIED; TYPE.*2.*DIABETES.*UNSPECIFIED; DIABETES.*WITH.*RETINOPATHY"
"43","A1C","E113212","TYPE 2 DIABETES MELLITUS WITH MILD NONPROLIFERATIVE DIABETIC RETINOPATHY WITH MACULAR EDEMA, LEFT EYE","DIABETES; TYPE.*2.*DIABETES; DIABETES.*MELLITUS; TYPE.*2.*DIABETIC; TYPE.*2.*DIABETES.*MELLITUS; DIABETES.*WITH.*RETINOPATHY"
"44","A1C","E113219","TYPE 2 DIABETES MELLITUS WITH MILD NONPROLIFERATIVE DIABETIC RETINOPATHY WITH MACULAR EDEMA, UNSPECIFIED EYE","DIABETES; TYPE.*2.*DIABETES; DIABETES.*MELLITUS; TYPE.*2.*DIABETIC; TYPE.*2.*DIABETES.*MELLITUS; DIABETES.*UNSPECIFIED; TYPE.*2.*DIABETES.*UNSPECIFIED; DIABETES.*WITH.*RETINOPATHY"
"45","A1C","E113291","TYPE 2 DIABETES MELLITUS WITH MILD NONPROLIFERATIVE DIABETIC RETINOPATHY WITHOUT MACULAR EDEMA, RIGHT EYE","DIABETES; TYPE.*2.*DIABETES; DIABETES.*MELLITUS; TYPE.*2.*DIABETIC; TYPE.*2.*DIABETES.*MELLITUS; DIABETES.*WITH.*RETINOPATHY"
"46","A1C","E113293","TYPE 2 DIABETES MELLITUS WITH MILD NONPROLIFERATIVE DIABETIC RETINOPATHY WITHOUT MACULAR EDEMA, BILATERAL","DIABETES; TYPE.*2.*DIABETES; DIABETES.*MELLITUS; TYPE.*2.*DIABETIC; TYPE.*2.*DIABETES.*MELLITUS; DIABETES.*WITH.*RETINOPATHY"
"47","A1C","E113299","TYPE 2 DIABETES MELLITUS WITH MILD NONPROLIFERATIVE DIABETIC RETINOPATHY WITHOUT MACULAR EDEMA, UNSPECIFIED EYE","DIABETES; TYPE.*2.*DIABETES; DIABETES.*MELLITUS; TYPE.*2.*DIABETIC; TYPE.*2.*DIABETES.*MELLITUS; DIABETES.*UNSPECIFIED; TYPE.*2.*DIABETES.*UNSPECIFIED; DIABETES.*WITH.*RETINOPATHY"
"48","A1C","E113311","TYPE 2 DIABETES MELLITUS WITH MODERATE NONPROLIFERATIVE DIABETIC RETINOPATHY WITH MACULAR EDEMA, RIGHT EYE","DIABETES; TYPE.*2.*DIABETES; DIABETES.*MELLITUS; TYPE.*2.*DIABETIC; TYPE.*2.*DIABETES.*MELLITUS; DIABETES.*WITH.*RETINOPATHY"
"49","A1C","E113313","TYPE 2 DIABETES MELLITUS WITH MODERATE NONPROLIFERATIVE DIABETIC RETINOPATHY WITH MACULAR EDEMA, BILATERAL","DIABETES; TYPE.*2.*DIABETES; DIABETES.*MELLITUS; TYPE.*2.*DIABETIC; TYPE.*2.*DIABETES.*MELLITUS; DIABETES.*WITH.*RETINOPATHY"
"50","A1C","E113391","TYPE 2 DIABETES MELLITUS WITH MODERATE NONPROLIFERATIVE DIABETIC RETINOPATHY WITHOUT MACULAR EDEMA, RIGHT EYE","DIABETES; TYPE.*2.*DIABETES; DIABETES.*MELLITUS; TYPE.*2.*DIABETIC; TYPE.*2.*DIABETES.*MELLITUS; DIABETES.*WITH.*RETINOPATHY"
"51","A1C","E113392","TYPE 2 DIABETES MELLITUS WITH MODERATE NONPROLIFERATIVE DIABETIC RETINOPATHY WITHOUT MACULAR EDEMA, LEFT EYE","DIABETES; TYPE.*2.*DIABETES; DIABETES.*MELLITUS; TYPE.*2.*DIABETIC; TYPE.*2.*DIABETES.*MELLITUS; DIABETES.*WITH.*RETINOPATHY"
"52","A1C","E113393","TYPE 2 DIABETES MELLITUS WITH MODERATE NONPROLIFERATIVE DIABETIC RETINOPATHY WITHOUT MACULAR EDEMA, BILATERAL","DIABETES; TYPE.*2.*DIABETES; DIABETES.*MELLITUS; TYPE.*2.*DIABETIC; TYPE.*2.*DIABETES.*MELLITUS; DIABETES.*WITH.*RETINOPATHY"
"53","A1C","E113511","TYPE 2 DIABETES MELLITUS WITH PROLIFERATIVE DIABETIC RETINOPATHY WITH MACULAR EDEMA, RIGHT EYE","DIABETES; TYPE.*2.*DIABETES; DIABETES.*MELLITUS; TYPE.*2.*DIABETIC; TYPE.*2.*DIABETES.*MELLITUS; DIABETES.*WITH.*RETINOPATHY"
"54","A1C","E113512","TYPE 2 DIABETES MELLITUS WITH PROLIFERATIVE DIABETIC RETINOPATHY WITH MACULAR EDEMA, LEFT EYE","DIABETES; TYPE.*2.*DIABETES; DIABETES.*MELLITUS; TYPE.*2.*DIABETIC; TYPE.*2.*DIABETES.*MELLITUS; DIABETES.*WITH.*RETINOPATHY"
"55","A1C","E113513","TYPE 2 DIABETES MELLITUS WITH PROLIFERATIVE DIABETIC RETINOPATHY WITH MACULAR EDEMA, BILATERAL","DIABETES; TYPE.*2.*DIABETES; DIABETES.*MELLITUS; TYPE.*2.*DIABETIC; TYPE.*2.*DIABETES.*MELLITUS; DIABETES.*WITH.*RETINOPATHY"
"56","A1C","E113559","TYPE 2 DIABETES MELLITUS WITH STABLE PROLIFERATIVE DIABETIC RETINOPATHY, UNSPECIFIED EYE","DIABETES; TYPE.*2.*DIABETES; DIABETES.*MELLITUS; TYPE.*2.*DIABETIC; TYPE.*2.*DIABETES.*MELLITUS; DIABETES.*UNSPECIFIED; DIABETES.*MELLITUS.*STABLE; TYPE.*2.*DIABETES.*UNSPECIFIED; DIABETES.*WITH.*RETINOPATHY"
"57","A1C","E113592","TYPE 2 DIABETES MELLITUS WITH PROLIFERATIVE DIABETIC RETINOPATHY WITHOUT MACULAR EDEMA, LEFT EYE","DIABETES; TYPE.*2.*DIABETES; DIABETES.*MELLITUS; TYPE.*2.*DIABETIC; TYPE.*2.*DIABETES.*MELLITUS; DIABETES.*WITH.*RETINOPATHY"
"58","A1C","E113593","TYPE 2 DIABETES MELLITUS WITH PROLIFERATIVE DIABETIC RETINOPATHY WITHOUT MACULAR EDEMA, BILATERAL","DIABETES; TYPE.*2.*DIABETES; DIABETES.*MELLITUS; TYPE.*2.*DIABETIC; TYPE.*2.*DIABETES.*MELLITUS; DIABETES.*WITH.*RETINOPATHY"
"59","A1C","E113599","TYPE 2 DIABETES MELLITUS WITH PROLIFERATIVE DIABETIC RETINOPATHY WITHOUT MACULAR EDEMA, UNSPECIFIED EYE","DIABETES; TYPE.*2.*DIABETES; DIABETES.*MELLITUS; TYPE.*2.*DIABETIC; TYPE.*2.*DIABETES.*MELLITUS; DIABETES.*UNSPECIFIED; TYPE.*2.*DIABETES.*UNSPECIFIED; DIABETES.*WITH.*RETINOPATHY"
"60","A1C","E1136","TYPE 2 DIABETES MELLITUS WITH DIABETIC CATARACT","DIABETES; TYPE.*2.*DIABETES; DIABETES.*MELLITUS; TYPE.*2.*DIABETIC; TYPE.*2.*DIABETES.*MELLITUS"
"61","A1C","E1140","TYPE 2 DIABETES MELLITUS WITH DIABETIC NEUROPATHY, UNSPECIFIED","DIABETES; TYPE.*2.*DIABETES; DIABETES.*MELLITUS; TYPE.*2.*DIABETIC; TYPE.*2.*DIABETES.*MELLITUS; DIABETES.*UNSPECIFIED; TYPE.*2.*DIABETES.*UNSPECIFIED; DIABETES.*WITH.*NEUROPATHY"
"62","A1C","E1141","TYPE 2 DIABETES MELLITUS WITH DIABETIC MONONEUROPATHY","DIABETES; TYPE.*2.*DIABETES; DIABETES.*MELLITUS; TYPE.*2.*DIABETIC; TYPE.*2.*DIABETES.*MELLITUS; DIABETES.*WITH.*NEUROPATHY"
"63","A1C","E1142","TYPE 2 DIABETES MELLITUS WITH DIABETIC POLYNEUROPATHY","DIABETES; TYPE.*2.*DIABETES; DIABETES.*MELLITUS; TYPE.*2.*DIABETIC; TYPE.*2.*DIABETES.*MELLITUS; DIABETES.*WITH.*NEUROPATHY"
"64","A1C","E1143","TYPE 2 DIABETES MELLITUS WITH DIABETIC AUTONOMIC (POLY)NEUROPATHY","DIABETES; TYPE.*2.*DIABETES; DIABETES.*MELLITUS; TYPE.*2.*DIABETIC; TYPE.*2.*DIABETES.*MELLITUS; DIABETES.*WITH.*NEUROPATHY"
"65","A1C","E1149","TYPE 2 DIABETES MELLITUS WITH OTHER DIABETIC NEUROLOGICAL COMPLICATION","DIABETES; TYPE.*2.*DIABETES; DIABETES.*MELLITUS; TYPE.*2.*DIABETIC; TYPE.*2.*DIABETES.*MELLITUS"
"66","A1C","E1159","TYPE 2 DIABETES MELLITUS WITH OTHER CIRCULATORY COMPLICATIONS","DIABETES; TYPE.*2.*DIABETES; DIABETES.*MELLITUS; TYPE.*2.*DIABETES.*MELLITUS; DIABETES.*WITH.*COMPLICATIONS; TYPE.*2.*DIABETES.*WITH.*COMPLICATIONS"
"67","A1C","E11610","TYPE 2 DIABETES MELLITUS WITH DIABETIC NEUROPATHIC ARTHROPATHY","DIABETES; TYPE.*2.*DIABETES; DIABETES.*MELLITUS; TYPE.*2.*DIABETIC; TYPE.*2.*DIABETES.*MELLITUS"
"68","A1C","E11621","TYPE 2 DIABETES MELLITUS WITH FOOT ULCER","DIABETES; TYPE.*2.*DIABETES; DIABETES.*MELLITUS; TYPE.*2.*DIABETES.*MELLITUS"
"69","A1C","E11622","TYPE 2 DIABETES MELLITUS WITH OTHER SKIN ULCER","DIABETES; TYPE.*2.*DIABETES; DIABETES.*MELLITUS; TYPE.*2.*DIABETES.*MELLITUS"
"70","A1C","E11628","TYPE 2 DIABETES MELLITUS WITH OTHER SKIN COMPLICATIONS","DIABETES; TYPE.*2.*DIABETES; DIABETES.*MELLITUS; TYPE.*2.*DIABETES.*MELLITUS; DIABETES.*WITH.*COMPLICATIONS; TYPE.*2.*DIABETES.*WITH.*COMPLICATIONS"
"71","A1C","E11638","TYPE 2 DIABETES MELLITUS WITH OTHER ORAL COMPLICATIONS","DIABETES; TYPE.*2.*DIABETES; DIABETES.*MELLITUS; TYPE.*2.*DIABETES.*MELLITUS; DIABETES.*WITH.*COMPLICATIONS; TYPE.*2.*DIABETES.*WITH.*COMPLICATIONS"
"72","A1C","E11649","TYPE 2 DIABETES MELLITUS WITH HYPOGLYCEMIA WITHOUT COMA","DIABETES; TYPE.*2.*DIABETES; DIABETES.*MELLITUS; TYPE.*2.*DIABETES.*MELLITUS"
"73","A1C","E1165","TYPE 2 DIABETES MELLITUS WITH HYPERGLYCEMIA","DIABETES; HYPERGLYCEMIA; TYPE.*2.*DIABETES; DIABETES.*MELLITUS; TYPE.*2.*DIABETES.*MELLITUS"
"74","A1C","E1169","TYPE 2 DIABETES MELLITUS WITH OTHER SPECIFIED COMPLICATION","DIABETES; TYPE.*2.*DIABETES; DIABETES.*MELLITUS; TYPE.*2.*DIABETES.*MELLITUS"
"75","A1C","E118","TYPE 2 DIABETES MELLITUS WITH UNSPECIFIED COMPLICATIONS","DIABETES; TYPE.*2.*DIABETES; DIABETES.*MELLITUS; TYPE.*2.*DIABETES.*MELLITUS; DIABETES.*UNSPECIFIED; DIABETES.*WITH.*COMPLICATIONS; TYPE.*2.*DIABETES.*WITH.*COMPLICATIONS; TYPE.*2.*DIABETES.*UNSPECIFIED"
"76","A1C","E119","TYPE 2 DIABETES MELLITUS WITHOUT COMPLICATIONS","DIABETES; TYPE.*2.*DIABETES; DIABETES.*MELLITUS; TYPE.*2.*DIABETES.*MELLITUS; DIABETES.*WITH.*COMPLICATIONS; DIABETES.*WITHOUT.*COMPLICATIONS; TYPE.*2.*DIABETES.*WITH.*COMPLICATIONS"
"77","A1C","E1340","OTHER SPECIFIED DIABETES MELLITUS WITH DIABETIC NEUROPATHY, UNSPECIFIED","DIABETES; DIABETES.*MELLITUS; DIABETES.*UNSPECIFIED; DIABETES.*WITH.*NEUROPATHY"
"78","A1C","E13621","OTHER SPECIFIED DIABETES MELLITUS WITH FOOT ULCER","DIABETES; DIABETES.*MELLITUS"
"79","A1C","E1365","OTHER SPECIFIED DIABETES MELLITUS WITH HYPERGLYCEMIA","DIABETES; HYPERGLYCEMIA; DIABETES.*MELLITUS"
"80","A1C","E139","OTHER SPECIFIED DIABETES MELLITUS WITHOUT COMPLICATIONS","DIABETES; DIABETES.*MELLITUS; DIABETES.*WITH.*COMPLICATIONS; DIABETES.*WITHOUT.*COMPLICATIONS"
"81","A1C","E8881","Metabolic syndrome and other insulin resistance","INSULIN.*RESISTANCE; METABOLIC.*SYNDROME"
"82","A1C","O24111","PRE-EXISTING TYPE 2 DIABETES MELLITUS, IN PREGNANCY, FIRST TRIMESTER","DIABETES; TYPE.*2.*DIABETES; DIABETES.*MELLITUS; TYPE.*2.*DIABETES.*MELLITUS"
"83","A1C","O24112","PRE-EXISTING TYPE 2 DIABETES MELLITUS, IN PREGNANCY, SECOND TRIMESTER","DIABETES; TYPE.*2.*DIABETES; DIABETES.*MELLITUS; TYPE.*2.*DIABETES.*MELLITUS"
"84","A1C","O24113","PRE-EXISTING TYPE 2 DIABETES MELLITUS, IN PREGNANCY, THIRD TRIMESTER","DIABETES; TYPE.*2.*DIABETES; DIABETES.*MELLITUS; TYPE.*2.*DIABETES.*MELLITUS"
"85","A1C","O24119","PRE-EXISTING TYPE 2 DIABETES MELLITUS, IN PREGNANCY, UNSPECIFIED TRIMESTER","DIABETES; TYPE.*2.*DIABETES; DIABETES.*MELLITUS; TYPE.*2.*DIABETES.*MELLITUS; DIABETES.*UNSPECIFIED; TYPE.*2.*DIABETES.*UNSPECIFIED"
"86","A1C","O24311","UNSPECIFIED PRE-EXISTING DIABETES MELLITUS IN PREGNANCY, FIRST TRIMESTER","DIABETES; DIABETES.*MELLITUS"
"87","A1C","O24410","GESTATIONAL DIABETES MELLITUS IN PREGNANCY, DIET CONTROLLED","DIABETES; GESTATIONAL.*DIABETES; DIABETES.*MELLITUS"
"88","A1C","O24414","GESTATIONAL DIABETES MELLITUS IN PREGNANCY, INSULIN CONTROLLED","DIABETES; GESTATIONAL.*DIABETES; DIABETES.*MELLITUS"
"89","A1C","O24419","GESTATIONAL DIABETES MELLITUS IN PREGNANCY, UNSPECIFIED CONTROL","DIABETES; GESTATIONAL.*DIABETES; DIABETES.*MELLITUS; DIABETES.*UNSPECIFIED"
"90","A1C","O24911","UNSPECIFIED DIABETES MELLITUS IN PREGNANCY, FIRST TRIMESTER","DIABETES; DIABETES.*MELLITUS"
"91","A1C","O24912","UNSPECIFIED DIABETES MELLITUS IN PREGNANCY, SECOND TRIMESTER","DIABETES; DIABETES.*MELLITUS"
"92","A1C","O24913","UNSPECIFIED DIABETES MELLITUS IN PREGNANCY, THIRD TRIMESTER","DIABETES; DIABETES.*MELLITUS"
"93","A1C","O24919","UNSPECIFIED DIABETES MELLITUS IN PREGNANCY, UNSPECIFIED TRIMESTER","DIABETES; DIABETES.*MELLITUS; DIABETES.*UNSPECIFIED"
"94","A1C","O99810","ABNORMAL GLUCOSE COMPLICATING PREGNANCY","ABNORMAL.*GLUCOSE"
"95","A1C","R7302","IMPAIRED GLUCOSE TOLERANCE (ORAL)","IMPAIRED.*GLUCOSE.*TOLERANCE"
"96","A1C","R7303","PREDIABETES","DIABETES; PREDIABETES; PREDIABETES"
"97","A1C","R7309","OTHER ABNORMAL GLUCOSE","ABNORMAL.*GLUCOSE"
"98","A1C","R739","HYPERGLYCEMIA, UNSPECIFIED","HYPERGLYCEMIA; HYPERGLYCEMIA.*UNSPECIFIED"
"99","A1C","Z131","ENCOUNTER FOR SCREENING FOR DIABETES MELLITUS","DIABETES; DIABETES.*MELLITUS"
"100","A1C","Z8632","PERSONAL HISTORY OF GESTATIONAL DIABETES","DIABETES; GESTATIONAL.*DIABETES"
"101","BMI","E6601","MORBID (SEVERE) OBESITY DUE TO EXCESS CALORIES","OBESITY; MORBID.*OBESITY; SEVERE.*OBESITY; OBESITY.*DUE.*TO.*EXCESS.*CALORIES"
"102","BMI","E6609","OTHER OBESITY DUE TO EXCESS CALORIES","OBESITY; OBESITY.*DUE.*TO.*EXCESS.*CALORIES"
"103","BMI","E663","OVERWEIGHT","OVERWEIGHT"
"104","BMI","E668","Other obesity","OBESITY"
"105","BMI","E669","OBESITY, UNSPECIFIED","OBESITY"
"106","BMI","O2600","EXCESSIVE WEIGHT GAIN IN PREGNANCY, UNSPECIFIED TRIMESTER","EXCESSIVE.*WEIGHT; EXCESSIVE.*WEIGHT.*GAIN; EXCESS.*WEIGHT; EXCESSIVE.*WEIGHT.*UNSPECIFIED"
"107","BMI","O99210","OBESITY COMPLICATING PREGNANCY, UNSPECIFIED TRIMESTER","OBESITY"
"108","BMI","O99211","OBESITY COMPLICATING PREGNANCY, FIRST TRIMESTER","OBESITY"
"109","BMI","O99212","OBESITY COMPLICATING PREGNANCY, SECOND TRIMESTER","OBESITY"
"110","BMI","O99213","OBESITY COMPLICATING PREGNANCY, THIRD TRIMESTER","OBESITY"
"111","BP_DIASTOLIC","I10","ESSENTIAL (PRIMARY) HYPERTENSION","HYPERTENSION; ESSENTIAL.*HYPERTENSION"
"112","BP_DIASTOLIC","I119","HYPERTENSIVE HEART DISEASE WITHOUT HEART FAILURE","HYPERTENSIVE.*HEART.*DISEASE; HYPERTENSIVE.*DISEASE"
"113","BP_DIASTOLIC","I120","HYPERTENSIVE CHRONIC KIDNEY DISEASE WITH STAGE 5 CHRONIC KIDNEY DISEASE OR END STAGE RENAL DISEASE","HYPERTENSIVE.*RENAL.*DISEASE; HYPERTENSIVE.*DISEASE"
"114","BP_DIASTOLIC","I129","HYPERTENSIVE CHRONIC KIDNEY DISEASE WITH STAGE 1 THROUGH STAGE 4 CHRONIC KIDNEY DISEASE, OR UNSPECIFIED CHRONIC KIDNEY DISEASE","HYPERTENSIVE.*DISEASE"
"115","BP_DIASTOLIC","I150","RENOVASCULAR HYPERTENSION","HYPERTENSION"
"116","BP_DIASTOLIC","I151","HYPERTENSION SECONDARY TO OTHER RENAL DISORDERS","HYPERTENSION"
"117","BP_DIASTOLIC","I152","HYPERTENSION SECONDARY TO ENDOCRINE DISORDERS","HYPERTENSION"
"118","BP_DIASTOLIC","I158","OTHER SECONDARY HYPERTENSION","HYPERTENSION; SECONDARY.*HYPERTENSION"
"119","BP_DIASTOLIC","I159","SECONDARY HYPERTENSION, UNSPECIFIED","HYPERTENSION; SECONDARY.*HYPERTENSION; SECONDARY.*HYPERTENSION.*UNSPECIFIED"
"120","BP_DIASTOLIC","I160","HYPERTENSIVE URGENCY","HYPERTENSIVE.*URGENCY"
"121","BP_DIASTOLIC","I161","HYPERTENSIVE EMERGENCY","HYPERTENSIVE.*EMERGENCY"
"122","BP_DIASTOLIC","I87303","CHRONIC VENOUS HYPERTENSION (IDIOPATHIC) WITHOUT COMPLICATIONS OF BILATERAL LOWER EXTREMITY","HYPERTENSION"
"123","BP_DIASTOLIC","I87309","CHRONIC VENOUS HYPERTENSION (IDIOPATHIC) WITHOUT COMPLICATIONS OF UNSPECIFIED LOWER EXTREMITY","HYPERTENSION"
"124","BP_DIASTOLIC","O10012","PRE-EXISTING ESSENTIAL HYPERTENSION COMPLICATING PREGNANCY, SECOND TRIMESTER","HYPERTENSION; ESSENTIAL.*HYPERTENSION"
"125","BP_DIASTOLIC","O10013","PRE-EXISTING ESSENTIAL HYPERTENSION COMPLICATING PREGNANCY, THIRD TRIMESTER","HYPERTENSION; ESSENTIAL.*HYPERTENSION"
"126","BP_DIASTOLIC","O10019","PRE-EXISTING ESSENTIAL HYPERTENSION COMPLICATING PREGNANCY, UNSPECIFIED TRIMESTER","HYPERTENSION; ESSENTIAL.*HYPERTENSION; ESSENTIAL.*HYPERTENSION.*UNSPECIFIED"
"127","BP_DIASTOLIC","O10911","UNSPECIFIED PRE-EXISTING HYPERTENSION COMPLICATING PREGNANCY, FIRST TRIMESTER","HYPERTENSION"
"128","BP_DIASTOLIC","O10913","UNSPECIFIED PRE-EXISTING HYPERTENSION COMPLICATING PREGNANCY, THIRD TRIMESTER","HYPERTENSION"
"129","BP_DIASTOLIC","O10919","UNSPECIFIED PRE-EXISTING HYPERTENSION COMPLICATING PREGNANCY, UNSPECIFIED TRIMESTER","HYPERTENSION"
"130","BP_DIASTOLIC","O133","GESTATIONAL [PREGNANCY-INDUCED] HYPERTENSION WITHOUT SIGNIFICANT PROTEINURIA, THIRD TRIMESTER","HYPERTENSION"
"131","BP_DIASTOLIC","O139","GESTATIONAL [PREGNANCY-INDUCED] HYPERTENSION WITHOUT SIGNIFICANT PROTEINURIA, UNSPECIFIED TRIMESTER","HYPERTENSION"
"132","BP_DIASTOLIC","O161","UNSPECIFIED MATERNAL HYPERTENSION, FIRST TRIMESTER","HYPERTENSION"
"133","BP_DIASTOLIC","O163","UNSPECIFIED MATERNAL HYPERTENSION, THIRD TRIMESTER","HYPERTENSION"
"134","BP_DIASTOLIC","O165","UNSPECIFIED MATERNAL HYPERTENSION, COMPLICATING THE PUERPERIUM","HYPERTENSION"
"135","BP_DIASTOLIC","R030","ELEVATED BLOOD-PRESSURE READING, WITHOUT DIAGNOSIS OF HYPERTENSION","HYPERTENSION; ELEVATED.*BLOOD.*PRESSURE"
"136","BP_SYSTOLIC","I10","ESSENTIAL (PRIMARY) HYPERTENSION","HYPERTENSION; ESSENTIAL.*HYPERTENSION"
"137","BP_SYSTOLIC","I119","HYPERTENSIVE HEART DISEASE WITHOUT HEART FAILURE","HYPERTENSIVE.*HEART.*DISEASE; HYPERTENSIVE.*DISEASE"
"138","BP_SYSTOLIC","I120","HYPERTENSIVE CHRONIC KIDNEY DISEASE WITH STAGE 5 CHRONIC KIDNEY DISEASE OR END STAGE RENAL DISEASE","HYPERTENSIVE.*RENAL.*DISEASE; HYPERTENSIVE.*DISEASE"
"139","BP_SYSTOLIC","I129","HYPERTENSIVE CHRONIC KIDNEY DISEASE WITH STAGE 1 THROUGH STAGE 4 CHRONIC KIDNEY DISEASE, OR UNSPECIFIED CHRONIC KIDNEY DISEASE","HYPERTENSIVE.*DISEASE"
"140","BP_SYSTOLIC","I150","RENOVASCULAR HYPERTENSION","HYPERTENSION"
"141","BP_SYSTOLIC","I151","HYPERTENSION SECONDARY TO OTHER RENAL DISORDERS","HYPERTENSION"
"142","BP_SYSTOLIC","I152","HYPERTENSION SECONDARY TO ENDOCRINE DISORDERS","HYPERTENSION"
"143","BP_SYSTOLIC","I158","OTHER SECONDARY HYPERTENSION","HYPERTENSION; SECONDARY.*HYPERTENSION"
"144","BP_SYSTOLIC","I159","SECONDARY HYPERTENSION, UNSPECIFIED","HYPERTENSION; SECONDARY.*HYPERTENSION; SECONDARY.*HYPERTENSION.*UNSPECIFIED"
"145","BP_SYSTOLIC","I160","HYPERTENSIVE URGENCY","HYPERTENSIVE.*URGENCY"
"146","BP_SYSTOLIC","I161","HYPERTENSIVE EMERGENCY","HYPERTENSIVE.*EMERGENCY"
"147","BP_SYSTOLIC","I87303","CHRONIC VENOUS HYPERTENSION (IDIOPATHIC) WITHOUT COMPLICATIONS OF BILATERAL LOWER EXTREMITY","HYPERTENSION"
"148","BP_SYSTOLIC","I87309","CHRONIC VENOUS HYPERTENSION (IDIOPATHIC) WITHOUT COMPLICATIONS OF UNSPECIFIED LOWER EXTREMITY","HYPERTENSION"
"149","BP_SYSTOLIC","O10012","PRE-EXISTING ESSENTIAL HYPERTENSION COMPLICATING PREGNANCY, SECOND TRIMESTER","HYPERTENSION; ESSENTIAL.*HYPERTENSION"
"150","BP_SYSTOLIC","O10013","PRE-EXISTING ESSENTIAL HYPERTENSION COMPLICATING PREGNANCY, THIRD TRIMESTER","HYPERTENSION; ESSENTIAL.*HYPERTENSION"
"151","BP_SYSTOLIC","O10019","PRE-EXISTING ESSENTIAL HYPERTENSION COMPLICATING PREGNANCY, UNSPECIFIED TRIMESTER","HYPERTENSION; ESSENTIAL.*HYPERTENSION; ESSENTIAL.*HYPERTENSION.*UNSPECIFIED"
"152","BP_SYSTOLIC","O10911","UNSPECIFIED PRE-EXISTING HYPERTENSION COMPLICATING PREGNANCY, FIRST TRIMESTER","HYPERTENSION"
"153","BP_SYSTOLIC","O10913","UNSPECIFIED PRE-EXISTING HYPERTENSION COMPLICATING PREGNANCY, THIRD TRIMESTER","HYPERTENSION"
"154","BP_SYSTOLIC","O10919","UNSPECIFIED PRE-EXISTING HYPERTENSION COMPLICATING PREGNANCY, UNSPECIFIED TRIMESTER","HYPERTENSION"
"155","BP_SYSTOLIC","O133","GESTATIONAL [PREGNANCY-INDUCED] HYPERTENSION WITHOUT SIGNIFICANT PROTEINURIA, THIRD TRIMESTER","HYPERTENSION"
"156","BP_SYSTOLIC","O139","GESTATIONAL [PREGNANCY-INDUCED] HYPERTENSION WITHOUT SIGNIFICANT PROTEINURIA, UNSPECIFIED TRIMESTER","HYPERTENSION"
"157","BP_SYSTOLIC","O161","UNSPECIFIED MATERNAL HYPERTENSION, FIRST TRIMESTER","HYPERTENSION"
"158","BP_SYSTOLIC","O163","UNSPECIFIED MATERNAL HYPERTENSION, THIRD TRIMESTER","HYPERTENSION"
"159","BP_SYSTOLIC","O165","UNSPECIFIED MATERNAL HYPERTENSION, COMPLICATING THE PUERPERIUM","HYPERTENSION"
"160","BP_SYSTOLIC","R030","ELEVATED BLOOD-PRESSURE READING, WITHOUT DIAGNOSIS OF HYPERTENSION","HYPERTENSION; ELEVATED.*BLOOD.*PRESSURE"
"161","CHOL","E7800","PURE HYPERCHOLESTEROLEMIA, UNSPECIFIED","HYPERCHOLESTEROLEMIA"
"162","CHOL","E78010","Homozygous familial hypercholesterolemia [HoFH]","HYPERCHOLESTEROLEMIA"
"163","CHOL","E782","MIXED HYPERLIPIDEMIA","HYPERLIPIDEMIA"
"164","CHOL","E7849","OTHER HYPERLIPIDEMIA","HYPERLIPIDEMIA"
"165","CHOL","E785","HYPERLIPIDEMIA, UNSPECIFIED","HYPERLIPIDEMIA"
"166","CHOL","Z8342","FAMILY HISTORY OF FAMILIAL HYPERCHOLESTEROLEMIA","HYPERCHOLESTEROLEMIA"
"167","CREAT_C","E0821","DIABETES MELLITUS DUE TO UNDERLYING CONDITION WITH DIABETIC NEPHROPATHY","NEPHROPATHY"
"168","CREAT_C","I120","HYPERTENSIVE CHRONIC KIDNEY DISEASE WITH STAGE 5 CHRONIC KIDNEY DISEASE OR END STAGE RENAL DISEASE","END.*STAGE.*RENAL.*DISEASE; CHRONIC.*KIDNEY.*DISEASE.*STAGE.*5; CHRONIC.*KIDNEY.*DISEASE.*STAGE.*5"
"169","CREAT_C","I129","HYPERTENSIVE CHRONIC KIDNEY DISEASE WITH STAGE 1 THROUGH STAGE 4 CHRONIC KIDNEY DISEASE, OR UNSPECIFIED CHRONIC KIDNEY DISEASE","CHRONIC.*KIDNEY.*DISEASE.*STAGE.*1; CHRONIC.*KIDNEY.*DISEASE.*STAGE.*4"
"170","CREAT_C","M10372","GOUT DUE TO RENAL IMPAIRMENT, LEFT ANKLE AND FOOT","RENAL.*IMPAIRMENT"
"171","CREAT_C","N141","Nephropathy induced by other drugs, medicaments and biological substances","NEPHROPATHY"
"172","CREAT_C","N170","ACUTE KIDNEY FAILURE WITH TUBULAR NECROSIS","KIDNEY.*FAILURE; ACUTE.*TUBULAR.*NECROSIS"
"173","CREAT_C","N179","ACUTE KIDNEY FAILURE, UNSPECIFIED","KIDNEY.*FAILURE"
"174","CREAT_C","N181","CHRONIC KIDNEY DISEASE, STAGE 1","CHRONIC.*KIDNEY.*DISEASE.*STAGE.*1"
"175","CREAT_C","N182","CHRONIC KIDNEY DISEASE, STAGE 2 (MILD)","CHRONIC.*KIDNEY.*DISEASE.*STAGE.*2; CHRONIC.*KIDNEY.*DISEASE.*MILD"
"176","CREAT_C","N1830","CHRONIC KIDNEY DISEASE, STAGE 3 UNSPECIFIED","CHRONIC.*KIDNEY.*DISEASE.*STAGE.*3"
"177","CREAT_C","N1830","Chronic kidney disease, stage 3 unspecified","CHRONIC.*KIDNEY.*DISEASE.*STAGE.*3"
"178","CREAT_C","N1831","CHRONIC KIDNEY DISEASE, STAGE 3A","CHRONIC.*KIDNEY.*DISEASE.*STAGE.*3"
"179","CREAT_C","N184","CHRONIC KIDNEY DISEASE, STAGE 4 (SEVERE)","CHRONIC.*KIDNEY.*DISEASE.*STAGE.*4; CHRONIC.*KIDNEY.*DISEASE.*SEVERE"
"180","CREAT_C","N185","CHRONIC KIDNEY DISEASE, STAGE 5","CHRONIC.*KIDNEY.*DISEASE.*STAGE.*5; CHRONIC.*KIDNEY.*DISEASE.*STAGE.*5"
"181","CREAT_C","N186","END STAGE RENAL DISEASE","END.*STAGE.*RENAL.*DISEASE"
"182","CRP","A029","SALMONELLA INFECTION, UNSPECIFIED","INFECTION"
"183","CRP","A040","ENTEROPATHOGENIC ESCHERICHIA COLI INFECTION","INFECTION"
"184","CRP","A048","OTHER SPECIFIED BACTERIAL INTESTINAL INFECTIONS","INFECTION; BACTERIAL.*INFECTION"
"185","CRP","A049","BACTERIAL INTESTINAL INFECTION, UNSPECIFIED","INFECTION; BACTERIAL.*INFECTION"
"186","CRP","A084","VIRAL INTESTINAL INFECTION, UNSPECIFIED","INFECTION; VIRAL.*INFECTION"
"187","CRP","A4101","SEPSIS DUE TO METHICILLIN SUSCEPTIBLE STAPHYLOCOCCUS AUREUS","SEPSIS"
"188","CRP","A419","SEPSIS, UNSPECIFIED ORGANISM","SEPSIS"
"189","CRP","A499","BACTERIAL INFECTION, UNSPECIFIED","INFECTION; BACTERIAL.*INFECTION"
"190","CRP","A549","GONOCOCCAL INFECTION, UNSPECIFIED","INFECTION"
"191","CRP","A6001","HERPESVIRAL INFECTION OF PENIS","INFECTION; VIRAL.*INFECTION"
"192","CRP","A6002","HERPESVIRAL INFECTION OF OTHER MALE GENITAL ORGANS","INFECTION; VIRAL.*INFECTION"
"193","CRP","A6009","HERPESVIRAL INFECTION OF OTHER UROGENITAL TRACT","INFECTION; VIRAL.*INFECTION"
"194","CRP","A601","HERPESVIRAL INFECTION OF PERIANAL SKIN AND RECTUM","INFECTION; VIRAL.*INFECTION"
"195","CRP","B09","UNSPECIFIED VIRAL INFECTION CHARACTERIZED BY SKIN AND MUCOUS MEMBRANE LESIONS","INFECTION; VIRAL.*INFECTION"
"196","CRP","B348","OTHER VIRAL INFECTIONS OF UNSPECIFIED SITE","INFECTION; VIRAL.*INFECTION"
"197","CRP","B349","VIRAL INFECTION, UNSPECIFIED","INFECTION; VIRAL.*INFECTION"
"198","CRP","B9561","METHICILLIN SUSCEPTIBLE STAPHYLOCOCCUS AUREUS INFECTION AS THE CAUSE OF DISEASES CLASSIFIED ELSEWHERE","INFECTION"
"199","CRP","B9562","METHICILLIN RESISTANT STAPHYLOCOCCUS AUREUS INFECTION AS THE CAUSE OF DISEASES CLASSIFIED ELSEWHERE","INFECTION"
"200","CRP","E790","HYPERURICEMIA WITHOUT SIGNS OF INFLAMMATORY ARTHRITIS AND TOPHACEOUS DISEASE","INFLAMMATORY.*ARTHRITIS; INFLAMMATORY.*DISEASE"
"201","CRP","J069","ACUTE UPPER RESPIRATORY INFECTION, UNSPECIFIED","INFECTION"
"202","CRP","J22","UNSPECIFIED ACUTE LOWER RESPIRATORY INFECTION","INFECTION"
"203","CRP","K8500","IDIOPATHIC ACUTE PANCREATITIS WITHOUT NECROSIS OR INFECTION","INFECTION"
"204","CRP","K8510","BILIARY ACUTE PANCREATITIS WITHOUT NECROSIS OR INFECTION","INFECTION"
"205","CRP","K8520","ALCOHOL INDUCED ACUTE PANCREATITIS WITHOUT NECROSIS OR INFECTION","INFECTION"
"206","CRP","K8590","ACUTE PANCREATITIS WITHOUT NECROSIS OR INFECTION, UNSPECIFIED","INFECTION"
"207","CRP","L930","DISCOID LUPUS ERYTHEMATOSUS","LUPUS"
"208","CRP","L932","OTHER LOCAL LUPUS ERYTHEMATOSUS","LUPUS"
"209","CRP","M01X9","DIRECT INFECTION OF MULTIPLE JOINTS IN INFECTIOUS AND PARASITIC DISEASES CLASSIFIED ELSEWHERE","INFECTION"
"210","CRP","M05741","RHEUMATOID ARTHRITIS WITH RHEUMATOID FACTOR OF RIGHT HAND WITHOUT ORGAN OR SYSTEMS INVOLVEMENT","RHEUMATOID.*ARTHRITIS"
"211","CRP","M05742","RHEUMATOID ARTHRITIS WITH RHEUMATOID FACTOR OF LEFT HAND WITHOUT ORGAN OR SYSTEMS INVOLVEMENT","RHEUMATOID.*ARTHRITIS"
"212","CRP","M0579","RHEUMATOID ARTHRITIS WITH RHEUMATOID FACTOR OF MULTIPLE SITES WITHOUT ORGAN OR SYSTEMS INVOLVEMENT","RHEUMATOID.*ARTHRITIS"
"213","CRP","M059","RHEUMATOID ARTHRITIS WITH RHEUMATOID FACTOR, UNSPECIFIED","RHEUMATOID.*ARTHRITIS"
"214","CRP","M0600","RHEUMATOID ARTHRITIS WITHOUT RHEUMATOID FACTOR, UNSPECIFIED SITE","RHEUMATOID.*ARTHRITIS"
"215","CRP","M069","RHEUMATOID ARTHRITIS, UNSPECIFIED","RHEUMATOID.*ARTHRITIS"
"216","CRP","M320","DRUG-INDUCED SYSTEMIC LUPUS ERYTHEMATOSUS","LUPUS"
"217","CRP","M3210","SYSTEMIC LUPUS ERYTHEMATOSUS, ORGAN OR SYSTEM INVOLVEMENT UNSPECIFIED","LUPUS"
"218","CRP","M3212","PERICARDITIS IN SYSTEMIC LUPUS ERYTHEMATOSUS","LUPUS"
"219","CRP","M3213","LUNG INVOLVEMENT IN SYSTEMIC LUPUS ERYTHEMATOSUS","LUPUS"
"220","CRP","M3214","GLOMERULAR DISEASE IN SYSTEMIC LUPUS ERYTHEMATOSUS","LUPUS"
"221","CRP","M3219","OTHER ORGAN OR SYSTEM INVOLVEMENT IN SYSTEMIC LUPUS ERYTHEMATOSUS","LUPUS"
"222","CRP","M329","SYSTEMIC LUPUS ERYTHEMATOSUS, UNSPECIFIED","LUPUS"
"223","CRP","N390","URINARY TRACT INFECTION, SITE NOT SPECIFIED","INFECTION"
"224","CRP","N419","INFLAMMATORY DISEASE OF PROSTATE, UNSPECIFIED","INFLAMMATORY.*STATE; INFLAMMATORY.*DISEASE"
"225","CRP","N72","INFLAMMATORY DISEASE OF CERVIX UTERI","INFLAMMATORY.*DISEASE"
"226","CRP","O2341","UNSPECIFIED INFECTION OF URINARY TRACT IN PREGNANCY, FIRST TRIMESTER","INFECTION"
"227","CRP","O2343","UNSPECIFIED INFECTION OF URINARY TRACT IN PREGNANCY, THIRD TRIMESTER","INFECTION"
"228","CRP","R6520","SEVERE SEPSIS WITHOUT SEPTIC SHOCK","SEPSIS"
"229","CRP","R7982","ELEVATED C-REACTIVE PROTEIN (CRP)","ELEVATED.*CRP"
"230","CRP","T80219A","UNSPECIFIED INFECTION DUE TO CENTRAL VENOUS CATHETER, INITIAL ENCOUNTER","INFECTION"
"231","CRP","T8149XA","INFECTION FOLLOWING A PROCEDURE, OTHER SURGICAL SITE, INITIAL ENCOUNTER","INFECTION"
"232","CRP","T826XXD","INFECTION AND INFLAMMATORY REACTION DUE TO CARDIAC VALVE PROSTHESIS, SUBSEQUENT ENCOUNTER","INFECTION"
"233","HCST","D510","VITAMIN B12 DEFICIENCY ANEMIA DUE TO INTRINSIC FACTOR DEFICIENCY","VITAMIN.*DEFICIENCY; VITAMIN.*B12.*DEFICIENCY"
"234","HCST","D519","VITAMIN B12 DEFICIENCY ANEMIA, UNSPECIFIED","VITAMIN.*DEFICIENCY; VITAMIN.*B12.*DEFICIENCY; VITAMIN.*B12.*DEFICIENCY.*UNSPECIFIED"
"235","HCST","E539","VITAMIN B DEFICIENCY, UNSPECIFIED","VITAMIN.*DEFICIENCY"
"236","HCST","E559","VITAMIN D DEFICIENCY, UNSPECIFIED","VITAMIN.*DEFICIENCY"
"237","HCST","E569","VITAMIN DEFICIENCY, UNSPECIFIED","VITAMIN.*DEFICIENCY"
"238","TRIG","E782","MIXED HYPERLIPIDEMIA","HYPERLIPIDEMIA"
"239","TRIG","E7849","OTHER HYPERLIPIDEMIA","HYPERLIPIDEMIA"
"240","TRIG","E785","HYPERLIPIDEMIA, UNSPECIFIED","HYPERLIPIDEMIA"
"241","CREAT_C","E1121","TYPE 2 DIABETES MELLITUS WITH DIABETIC NEPHROPATHY","NEPHROPATHY"
"242","CREAT_C","M10371","GOUT DUE TO RENAL IMPAIRMENT, RIGHT ANKLE AND FOOT","RENAL.*IMPAIRMENT"
"243","CREAT_C","M1A3710","CHRONIC GOUT DUE TO RENAL IMPAIRMENT, RIGHT ANKLE AND FOOT, WITHOUT TOPHUS (TOPHI)","RENAL.*IMPAIRMENT"
